"SMILES","InChIKey","AromaticRingCount","HBondDonorCount","HBondAcceptorCount","FractionCarbonSP3","HeteroatomCount","HeterocycleCount","RotatableBondCount","MolecularMass","DegreeOfUnsaturation","MinEllipsoidLength","MaxDistance","LongestPiChain","LinkerLength","MaxAbsorbanceWavelength"
"CC1=C/C(=C(/c2cc(C)c([O-])c(C(=O)[O-])c2)c2ccccc2S(=O)(=O)O)C=C(C(=O)[O-])C1=O","KXOWVZNVTQLQPD-XMHGGMMESA-K",2,1,8,0.08695652173913043,10,0,5,467.43,18,97.29578327936441,11.3579367724015,10,2,500.5029863
"CC1=CC(=C(c2cc(C)c([O-])c(C(=O)[O-])c2)c2ccccc2S(=O)(=O)O)C=C(C(=O)[O-])C1=O","KXOWVZNVTQLQPD-UHFFFAOYSA-K",2,1,8,0.08695652173913043,10,0,5,467.43,18,82.6366810628424,11.271218758378707,10,2,480.1956869
"CCN1C(=CC=CC2=[N+](CC)c3ccc(S(=O)(=O)[O-])cc3C2(C)C)C(C)(C)c2cc(S(=O)(=O)[O-])ccc21","RHCLJBKXGJHOCN-UHFFFAOYSA-M",2,0,7,0.37037037037037035,10,2,6,543.7,14,361.78819615947066,18.501957150764635,14,4,572.2782521
"C#CCN=C(O)CCCCC[N+]1=C(C=CC=CC=C2N(C)c3ccc(S(=O)(=O)O)cc3C2(C)C)C(C)(C)c2cc(S(=O)(=O)[O-])ccc21","OMSGSPNJNVQTSN-UHFFFAOYSA-N",2,2,7,0.37142857142857144,12,2,12,679.8,17,886.1844356105133,22.005961738400092,16,6,681.1854749
"CC1(C)C(C=CC2=C(NCCCN=[N+]=[N-])/C(=C/C=C3/N(CCCCS(=O)(=O)[O-])c4ccccc4C3(C)C)CC2)=[N+](CCCCS(=O)(=O)O)c2ccccc21","XEWMTEFQJKJRAZ-TXRIKVQFSA-N",2,2,8,0.475,14,2,18,777.,18,495.2660515147011,21.035384301828568,18,3,705.9428046
"C#CCNC1=C(C=CC2=[N+](CCCCS(=O)(=O)O)c3ccccc3C2(C)C)CC/C1=C\C=C1\N(CCCCS(=O)(=O)[O-])c2ccccc2C1(C)C","YNKZQYLIDKIPBB-GBYGALLISA-N",2,2,7,0.425,11,2,15,732.,18,549.2701238503648,19.85790834741982,18,3,712.6271625
"CC1(C)C(=CC=CC=CC2=[N+](CCCS(=O)(=O)[O-])c3ccc(S(=O)(=O)[O-])cc3C2(C)C)N(CCCCCC([O-])=NCCCN=[N+]=[N-])c2ccc(S(=O)(=O)O)cc21","DUWZWZJMKCNGSI-UHFFFAOYSA-L",2,1,12,0.4594594594594595,19,2,19,831.,19,1317.153790325648,24.72153904881388,16,6,676.9404449
"CCN1C(=CC=CC=CC2=[N+](CCCCCC(=O)[O-])c3ccc(S(=O)(=O)[O-])cc3C2(C)C)C(C)(C)c2cc(S(=O)(=O)O)ccc21","HPICMEGAGMPYID-UHFFFAOYSA-M",2,1,8,0.3939393939393939,12,2,12,655.8,16,724.1833921634637,21.099876243666856,16,6,683.7698457
"c1ccc(Oc2c3c(cc4ccccc24)C2=NC3=NC3(Oc4ccccc4)N=C(N=C4N=C(c5c4c(Oc4ccccc4)c4ccccc4c5Oc4ccccc4)N(Oc4ccccc4)C4=NC(=N2)c2cc5ccccc5c(Oc5ccccc5)c24)c2c3c(Oc3ccccc3)c3ccccc3c2Oc2ccccc2)cc1","CUMJCHXGZQIUNU-UHFFFAOYSA-N",16,0,16,0.010416666666666666,16,5,16,1451.6,72,266.46824751242224,19.935006319135308,26,2,625.6473514
"CC1(C)C(=CC=CC=CC2=[N+](CCCCCC(=O)ON3C(=O)CCC3=O)c3ccc(S(=O)(=O)[O-])cc3C2(C)C)N(CCCCCC(=O)ON2C(=O)CCC2=O)c2ccc(S(=O)(=O)[O-])cc21","MGIODCZGPVDROX-UHFFFAOYSA-M",2,0,15,0.4444444444444444,20,4,19,936.,23,1291.784706785236,25.024288210133733,16,6,663.3227079
"CC1(C)C(=CC=CC=CC2=[N+](CCCS(=O)(=O)[O-])c3ccccc3C2(C)C)N(CCCCCC(=O)ON2C(=O)CCC2=O)c2ccccc21","ULMQWLBXZOBKDA-UHFFFAOYSA-N",2,0,8,0.42105263157894735,11,3,14,687.9,18,726.9482084351022,18.98550086226182,16,6,668.4719456
"C#CCN=C([O-])CCCCCN1C(=CC=C2C=C(C=CC3=[N+](C)c4ccccc4C3(C)C)CCC2)C(C)(C)c2ccccc21","ODTCCTFHIJRHRC-UHFFFAOYSA-N",2,0,3,0.4,4,2,10,585.8,19,664.493530533715,20.81896001467029,18,3,716.1712217
"CC1(C)C(=CC=CC=CC2=[N+](CCCS(=O)(=O)[O-])c3ccc(S(=O)(=O)[O-])cc3C2(C)C)N(CCCCCC(=O)ON2C(=O)CCC2=O)c2ccc(S(=O)(=O)[O-])cc21","MBAJQBXOZFYCPR-UHFFFAOYSA-L",2,0,14,0.42105263157894735,19,3,16,846.,20,567.1143295452702,21.259047214379805,16,6,684.8310363
"CCN1C(=CC=C2CCCC(C=CC3=[N+](CC)c4ccc5ccccc5c4C3(C)C)=C2Cl)C(C)(C)c2c1ccc1ccccc21","OYVKEIIHSIVUMC-UHFFFAOYSA-N",4,0,1,0.30952380952380953,3,2,5,612.3,21,929.7783022794547,21.323973120741723,22,3,795.550641
"C#CCN=C(O)CCCCCN1C(=CC=CC2=[N+](C)c3ccccc3C2(C)C)C(C)(C)c2ccccc21","ZAEMCWBMKGHPLO-UHFFFAOYSA-O",2,1,2,0.3939393939393939,4,2,9,494.7,15,373.2533385730466,17.24209718362008,14,4,530.8532207
"C[N+]1=C(C=CC=C2N(CCCCCC(O)=NCCCN=[N+]=N)c3ccc(S(=O)(=O)O)cc3C2(C)C)C(C)(C)c2cc(S(=O)(=O)O)ccc21","GYJILUBNEARHAE-UHFFFAOYSA-P",2,4,8,0.45454545454545453,15,2,14,700.9,14,599.1054446865572,19.134391566718325,14,4,556.7925402
"CC1(C)C(=CC=CC=CC2=[N+](CCCS(=O)(=O)[O-])c3ccc(S(=O)(=O)[O-])cc3C2(C)C)N(CCCCCC(=O)[O-])c2ccc(S(=O)(=O)O)cc21","KPBQEJDRGQDEFF-UHFFFAOYSA-L",2,1,11,0.4117647058823529,16,2,15,748.9,17,257.05160017291115,19.70071434684388,16,6,692.2812794
"CN(C)c1ccc(C(=C2C=CC(=[N+](C)C)C=C2)c2ccc(N(C)Cc3cccc(S(=O)(=O)[O-])c3)cc2)cc1S(=O)(=O)[O-]","DCTXQQVUQIODBO-UHFFFAOYSA-M",3,0,8,0.1935483870967742,11,0,8,606.7,18,527.4286094667186,19.47855356489863,10,2,622.9273233
"C[N+]1=C(C=CC=C2N(CCCCC(O)=NCCOCCOCCNCCO[C@H]3OC(CO)[C@@H](O)[C@H](O)C3O)c3ccccc3C2(C)C)C(C)(C)c2ccccc21","SSFADTFCQMBTSO-IHRPVSEJSA-O",2,6,11,0.5813953488372093,13,3,21,780.,14,1600.506179375385,27.76655595342642,14,4,547.9560321
"CC1(C)C(=CC=CC2=[N+](CCCCCC(=O)ON3C(=O)CCC3=O)c3ccc(S(=O)(=O)[O-])cc3C2(C)C)N(CCCCCC(=O)ON2C(=O)CCC2=O)c2ccc(S(=O)(=O)[O-])cc21","OHOQEZWSNFNUSY-UHFFFAOYSA-M",2,0,15,0.46511627906976744,20,4,18,910.,22,400.34084262665624,20.164018534667477,14,4,568.9451784
"CC1(C)C(=CC=CC2=[N+](CCCCCC(=O)ON3C(=O)CCC3=O)c3ccccc3C2(C)C)N(CCCS(=O)(=O)[O-])c2ccccc21","LMCRIEMWRAZMSJ-UHFFFAOYSA-N",2,0,8,0.4444444444444444,11,3,13,661.8,17,406.4997994207881,20.110624420165113,14,4,560.1943444
"C#CCN=C(O)CCCCCN1C(=CC=C2C=C(C=CC3=[N+](C)c4ccc(S(=O)(=O)O)cc4C3(C)C)CCC2)C(C)(C)c2cc(S(=O)(=O)[O-])ccc21","MUENJVFYRXNHST-UHFFFAOYSA-N",2,2,7,0.4,12,2,12,746.,19,684.4010045175145,23.556837651167804,18,3,751.1497379
"CC1(C)C(=CC=CC2=[N+](CCCCS(=O)(=O)O)c3ccc([As]4SCCS4)cc3C2(C)C)N(CCCCS(=O)(=O)[O-])c2ccc([As]3SCCS3)cc21","UDHHTMYURAAYGN-UHFFFAOYSA-N",2,1,10,0.5142857142857142,16,4,14,933.,15,697.4791212652768,21.785369776802042,14,4,589.7724291
"CC1(C)Oc2cc3c4c(c2O1)OC(C)(C)Oc1c2c(c5c6c1C1=NC6=NC6=NC(=Nc7c8ccccc8c(n7OC(C)(C)O5)NC3=NC4=N1)c1ccccc16)OC(C)(C)O2","SPGPMYDFYZWQDY-UHFFFAOYSA-N",5,1,16,0.2727272727272727,16,9,0,802.8,32,243.4164286801256,17.789468616061054,14,0,637.609707
"CC1(C)C(=CC=CC=CC2=[N+](CCCCS(=O)(=O)[O-])c3ccc([As]4SCCS4)cc3C2(C)C)N(CCCCS(=O)(=O)O)c2ccc([As]3SCCS3)cc21","QIWUAZYHUQBKNR-UHFFFAOYSA-N",2,1,10,0.4864864864864865,16,4,15,959.,16,947.3197218801255,23.40246502577239,16,6,677.4681449
"CC1(C)C(=CC=CC=CC2=[N+](CCCS(=O)(=O)[O-])c3ccc(S(=O)(=O)[O-])cc3C2(C)C)N(CCCCCC([O-])=NCCCCCCN2C(=O)C=CC2=O)c2ccc(S(=O)(=O)[O-])cc21","ABCCZQUSYBNXBH-UHFFFAOYSA-K",2,0,14,0.45454545454545453,19,3,22,926.1,22,1293.8401597851341,26.265236010807488,16,6,660.2468485
"C[N+]1=C(C=CC=C2N(CCCS(=O)(=O)O)c3ccc(S(=O)(=O)[O-])cc3C2(C)C)C(C)(C)c2cc(N=C([O-])CCl)ccc21","IMJHPLNUVXYGKB-UHFFFAOYSA-M",2,1,8,0.3793103448275862,13,2,9,635.2,15,783.4146877358276,18.826001957777272,17,4,612.1609741
"Cc1cc(-c2ccc(N=Nc3c(S(=O)(=O)O)cc4cc(S(=O)(=O)O)cc(N)c4c3O)c(C)c2)ccc1N=Nc1ccc2c(S(=O)(=O)O)ccc(N)c2c1O","AICLBRRCLVJTST-UHFFFAOYSA-N",6,7,14,0.058823529411764705,20,0,8,792.8,24,1171.6315813019078,23.271130860130654,23,3,439.41754
"CC1(C)C(=CC=CC2=[N+](CCCCCCON3C(=O)CCC3=O)c3ccc(S(=O)(=O)O)cc3C2(C)C)N(CCCCCCON2C(=O)CCC2=O)c2ccc(S(=O)(=O)[O-])cc21","DUPPOWTYYIIKOJ-UHFFFAOYSA-N",2,1,12,0.5116279069767442,18,4,20,883.,19,1221.9107056409644,23.956352718396722,14,4,580.4517137
"C[N+]1=C(C=CC=C2N(CCCCCC(O)=NCCN3C(=O)C=CC3=O)c3ccc(S(=O)(=O)[O-])cc3C2(C)C)C(C)(C)c2cc(S(=O)(=O)O)ccc21","LOVTXMZOYVAEPC-UHFFFAOYSA-N",2,2,9,0.3888888888888889,15,3,13,738.9,18,609.7021313330785,22.317905287155636,14,4,555.6823557
"CC(C)N1C=CC(=Cc2ccc3ccccc3[n+]2C(C)C)c2ccccc21","TYFOKKOWQOKKCH-UHFFFAOYSA-N",3,0,1,0.24,2,2,3,355.5,13,182.87075519403348,13.68971612231898,11,2,521.2151012
"Cc1ccc(Nc2ccc(Nc3ccc(C)cc3S(=O)(=O)O)c3c2C(=O)c2cccc(O)c2C3=O)c(S(=O)(=O)O)c1","QNCHUVVZYAZOHD-UHFFFAOYSA-N",4,5,9,0.07142857142857142,13,0,6,594.6,19,358.5624777953175,15.459111796027157,13,2,625.3575561
"CC[n+]1c(CC2C=C(C)N=C(c3ccccc3)N2C)ccc2ccccc12","WNJQWMVHCPGIAR-UHFFFAOYSA-N",3,0,2,0.25,3,2,4,356.49,13,241.91935716502718,15.447635670367166,7,1,435.1915249
"CC1(C)C(=CC=CC=CC2=[N+](CCCCCC(=O)O)c3ccc(S(=O)(=O)[O-])cc3C2(C)C)N(CCCCCC(=O)[O-])c2ccc(S(=O)(=O)O)cc21","KCJWQEQRJODNIT-UHFFFAOYSA-M",2,2,9,0.43243243243243246,14,2,17,741.9,17,916.9850448437077,20.16225923375919,16,6,687.2925818
"CC[N+]1=C(C=CC=C2N(CCCCCC(=O)ON3C(=O)CCC3=O)c3ccc(S(=O)(=O)[O-])cc3C2(C)C)C(C)(C)c2cc(S(=O)(=O)O)ccc21","SOVMUUCAZOFIQP-UHFFFAOYSA-N",2,1,10,0.42857142857142855,15,3,12,727.8,17,413.41686761811354,19.81199471126288,14,4,571.4504641
"CCN1C(=CC=CC=CC2=[N+](CCCCCC(O)=NCCCN=[N+]=[N-])c3ccc(S(=O)(=O)[O-])cc3C2(C)C)C(C)(C)c2cc(S(=O)(=O)O)ccc21","LSISYTNZXRYXJU-UHFFFAOYSA-N",2,2,8,0.4444444444444444,15,2,16,738.9,17,576.1007107918276,21.117461567447556,16,6,670.1181686
"CN1C(=CC=CC=CC2=[N+](CCCCCC(=O)ON3C(=O)CCC3=O)c3ccc(S(=O)(=O)[O-])cc3C2(C)C)C(C)(C)c2cc(S(=O)(=O)[O-])ccc21","QDXSFIRROAQGSO-UHFFFAOYSA-M",2,0,11,0.3888888888888889,15,3,12,738.8,19,590.0778689848868,21.669425337089937,16,6,687.1813932
"CCN1C(=CC=CC=CC2=[N+](CCCCCC(O)=NCCc3ccc(O)cc3)c3ccc(S(=O)(=O)[O-])cc3C2(C)C)C(C)(C)c2cc(S(=O)(=O)O)ccc21","NHSJCIBSNKLAMA-UHFFFAOYSA-N",3,3,8,0.36585365853658536,13,2,15,776.,19,505.3450540476178,25.701700152539523,16,6,681.8748695
"CC[N+]1=C(C=CC=C2N(CCCCCC(O)=NCCc3ccc(O)cc3)c3ccc(S(=O)(=O)[O-])cc3C2(C)C)C(C)(C)c2cc(S(=O)(=O)O)ccc21","JPXIOSIRIWBDIC-UHFFFAOYSA-N",3,3,8,0.38461538461538464,13,2,14,749.9,18,658.4247559027309,22.67918184408352,14,4,583.0199584
"Cc1ccc(Nc2ccc(N=Nc3ccc(N=Nc4cccc(S(=O)(=O)[O-])c4)c4ccccc34)c3cccc(S(=O)(=O)[O-])c23)cc1","JLGHRHTZYNYXMD-UHFFFAOYSA-L",6,1,11,0.030303030303030304,13,0,8,649.7,26,1381.8591349613685,23.337815896492575,20,3,470.1390348
"O=S(=O)([O-])c1cccc(N=Nc2ccc(N=Nc3ccc(Nc4ccccc4)c4c(S(=O)(=O)[O-])cccc34)c3ccccc23)c1","DJRZPZBRKRAGBD-UHFFFAOYSA-L",6,1,11,0.,13,0,8,635.7,26,1022.1059382844358,21.20197949897973,20,3,463.9627856
"Cc1ccc(Nc2ccc(Nc3ccc(C)cc3S(=O)(=O)O)c3c2C(=O)c2ccccc2C3=O)c(S(=O)(=O)O)c1","BGBDMEPBLWJCHI-UHFFFAOYSA-N",4,4,8,0.07142857142857142,12,0,6,578.6,19,639.4554538443274,15.525159339005286,13,2,619.5346989
"O=S(=O)(O)c1cc([O-])c(N=Nc2ccc3ccccc3c2O)c2ccccc12","BRDGZOLJYALNOY-UHFFFAOYSA-M",4,2,6,0.,8,0,3,393.39,16,108.9952798747458,10.894452324204622,12,3,481.0879366
"c1ccc2c(c1)C1=Nc3[n-]c(c4ccccc34)N=C3N=C([N-]c4[n-]c(c5ccccc45)[N-]C2=N1)c1ccccc13","VHWVDGHWIJRPMN-UHFFFAOYSA-N",6,0,4,0.,8,5,0,512.54,31,160.2081718623357,12.561901200557521,13,0,579.6382267
"Cc1ccc(Nc2ccc(Nc3ccc(C)cc3S(=O)(=O)O)c3c2C(=O)c2c([O-])ccc([O-])c2C3=O)c(S(=O)(=O)O)c1","RDSNLCVUSJLCGP-UHFFFAOYSA-L",4,4,10,0.07142857142857142,14,0,6,608.6,21,180.30858772623034,14.035310709010504,13,2,626.3217162
"Cc1ccc(Nc2ccc(Nc3ccc(C)cc3S(=O)(=O)[O-])c3c2C(=O)c2ccccc2C3=O)c(S(=O)(=O)[O-])c1","BGBDMEPBLWJCHI-UHFFFAOYSA-L",4,2,10,0.07142857142857142,12,0,6,576.6,21,310.05144932935724,16.398473591521032,13,2,623.0653351
"Cc1ccc(Nc2ccc(N=Nc3ccc(N=Nc4cccc(S(=O)(=O)O)c4)c4ccccc34)c3cccc(S(=O)(=O)O)c23)cc1","JLGHRHTZYNYXMD-UHFFFAOYSA-N",6,3,9,0.030303030303030304,13,0,8,651.7,24,957.1605312884518,22.607575714383863,20,3,465.2128123
"O=S(=O)(O)c1cccc(N=Nc2ccc(N=Nc3ccc(Nc4ccccc4)c4c(S(=O)(=O)O)cccc34)c3ccccc23)c1","DJRZPZBRKRAGBD-UHFFFAOYSA-N",6,3,9,0.,13,0,8,637.7,24,1497.0541249807798,22.03270219474858,20,3,458.4098601
"CCOc1ccc(Nc2ccc(C(=C3C=CC(=[N+](CC)Cc4cccc(S(=O)(=O)O)c4)C=C3C)c3ccc(N(CC)Cc4cccc(S(=O)(=O)O)c4)cc3C)cc2)cc1","YVNQAIFQFWTPLQ-UHFFFAOYSA-O",5,3,7,0.2127659574468085,12,0,15,833.1,24,423.91976879122495,24.849035438249622,15,2,584.3783188
"O=S(=O)(O)c1cc(O)c(N=Nc2ccc3ccccc3c2O)c2ccccc12","BRDGZOLJYALNOY-UHFFFAOYSA-N",4,3,6,0.,8,0,3,394.4,15,318.80693983058336,15.30502095638732,12,3,455.5467443
"c1ccc2c(c1)C1=NC2=NC2=NC(=NC3=NC(=NC4=NC(=N1)c1ccccc14)c1ccccc13)c1ccccc12","LOWPZDCTVDWTBN-UHFFFAOYSA-N",4,0,8,0.,8,5,0,512.54,29,114.55058526183073,12.670861408043576,13,0,615.6999362
"O=S(=O)(O)c1cc(O)c(N=Nc2c(O)ccc3ccccc23)c2ccccc12","ZMLWOOMWRCRLCH-UHFFFAOYSA-N",4,3,6,0.,8,0,3,394.4,15,231.39501017040388,13.640821966853023,11,3,462.1730125
"O=S(=O)(O)c1cc(O)c(N=Nc2c([O-])ccc3ccccc23)c2ccccc12","ZMLWOOMWRCRLCH-UHFFFAOYSA-M",4,2,6,0.,8,0,3,393.39,16,476.63284744943235,13.238080214920602,11,3,499.205561
"O=S(=O)([O-])c1cccc2c(N=Nc3ccc(N=Nc4ccc(Nc5ccccc5)c5c(S(=O)(=O)[O-])cccc45)c4ccccc34)cccc12","JWRKFFQQNVQJLW-UHFFFAOYSA-L",7,1,11,0.,13,0,8,685.7,29,837.9732012329578,22.16674969627336,21,3,468.160787
"CCOc1ccc(Nc2ccc(C(=C3C=CC(=[N+](CC)Cc4cccc(S(=O)(=O)[O-])c4)C=C3C)c3ccc(N(CC)Cc4cccc(S(=O)(=O)[O-])c4)cc3C)cc2)cc1","YVNQAIFQFWTPLQ-UHFFFAOYSA-M",5,1,9,0.2127659574468085,12,0,15,831.,26,396.9078166812193,21.952486830575783,15,2,600.9582254
"O=S(=O)(O)c1cccc2c(N=Nc3ccc(N=Nc4ccc(Nc5ccccc5)c5c(S(=O)(=O)O)cccc45)c4ccccc34)cccc12","JWRKFFQQNVQJLW-UHFFFAOYSA-N",7,3,9,0.,13,0,8,687.7,27,1129.813525677314,22.749716757976202,21,3,478.0842377
"Clc1cc2c(c(Cl)c1Cl)-c1nc3nc(nc4nc(nc5[n-]c([n-]c-2n1)c1c(Cl)c(Cl)c(Cl)c(Cl)c51)-c1c(Cl)c(Cl)c(Cl)c(Cl)c1-4)-c1c(Cl)c(Cl)c(Cl)c(Cl)c1-3","BLMXUSBBCCRYCF-UHFFFAOYSA-N",6,0,6,0.,23,5,0,1029.2,30,158.71984726419956,13.907011155943772,13,0,575.8191684
"Cc1ccc(Nc2ccc([O-])c3c2C(=O)c2ccccc2C3=O)c(S(=O)(=O)O)c1","XXQVCGHGQCAKKA-UHFFFAOYSA-M",3,2,6,0.047619047619047616,8,0,3,408.4,16,101.11300176267858,11.008444798747181,11,2,611.4386322
"CCOc1ccc(Nc2ccc(C(=C3C=CC(=[N+](CC)Cc4cccc(S(=O)(=O)[O-])c4)C=C3)c3ccc(N(CC)Cc4cccc(S(=O)(=O)[O-])c4)cc3)cc2)cc1","PLVPREXUKUFADG-UHFFFAOYSA-M",5,1,9,0.17777777777777778,12,0,15,803.,26,683.7204751916497,22.835604447669443,15,2,608.3945655
"CN(C)c1ccc(C(=C2C=CC(=[N+](C)C)C=C2)c2ccccc2Cl)cc1","PYALRJHHXIQCEI-UHFFFAOYSA-N",2,0,1,0.17391304347826086,3,0,3,363.91,12,150.79463513410198,13.534971726272284,10,2,624.0604214
"Cc1ccc(Nc2ccc(Nc3ccc(C)cc3)c3c2C(=O)c2ccccc2C3=O)cc1","TVRGPOFMYCMNRB-UHFFFAOYSA-N",4,2,4,0.07142857142857142,4,0,4,418.5,19,374.3948322567631,15.772224639036736,13,2,637.1699574
"Nc1cc(O)c(O)c2c1C(=O)c1c(O)c(O)cc(N)c1C2=O","XBVUXRZERLDXMU-UHFFFAOYSA-N",2,6,8,0.,8,0,0,302.24,11,2510.072636377249,10.33412827795511,9,1,566.8696526
"O=S(=O)([O-])c1cc([O-])c2c(N=Nc3ccc(Nc4ccccc4)c4c(S(=O)(=O)O)cccc34)cc(S(=O)(=O)[O-])cc2c1","QFVHZQCOUORWEI-UHFFFAOYSA-K",5,2,12,0.,16,0,7,626.6,22,602.9866582526588,18.089634683522643,15,3,497.3258983
"Cc1ccc(Nc2ccc(O)c3c2C(=O)c2ccccc2C3=O)c(S(=O)(=O)O)c1","XXQVCGHGQCAKKA-UHFFFAOYSA-N",3,3,6,0.047619047619047616,8,0,3,409.41,15,233.36165790211555,14.314202237369212,11,2,587.0282913
"CC(C)CCN1C=CC(=Cc2cc[n+](CCC(C)C)c3ccccc23)c2ccccc21","OPYVFVSPWOXGSM-UHFFFAOYSA-N",3,0,1,0.3448275862068966,2,2,7,411.61,13,563.5079739051914,17.95489425937992,10,2,522.5700093
"O=S(=O)(O)c1cc(O)c2c(N=Nc3ccc(Nc4ccccc4)c4c(S(=O)(=O)O)cccc34)cc(S(=O)(=O)O)cc2c1","QFVHZQCOUORWEI-UHFFFAOYSA-N",5,5,10,0.,16,0,7,629.6,19,570.4265165180075,16.185973721361663,15,3,434.0651111
"CCN1C(=CC(C)=Cc2sc3ccccc3[n+]2CC)Sc2ccccc21","DGBHUSPLAMIWPQ-UHFFFAOYSA-N",3,0,3,0.22727272727272727,4,2,4,379.6,12,421.254158814206,15.547694159414764,13,4,512.3941225
"CCN1C(=CC=C2CCCC(C=CC3=[N+](CC)c4ccccc4C3(C)C)=C2Cl)C(C)(C)c2ccccc21","CIGDKFCYUOGCBY-UHFFFAOYSA-N",2,0,1,0.38235294117647056,3,2,5,512.2,15,744.5504634907053,18.46944275510668,18,3,771.1382309
"CN1C(=CC=C2CCCC(C=CC3=[N+](C)c4ccccc4C3(C)C)=C2Cl)C(C)(C)c2ccccc21","GDIYMWAMJKRXRE-UHFFFAOYSA-N",2,0,1,0.34375,3,2,3,484.1,15,1862.5510927350167,20.700480775528728,18,3,779.5382687
"CC1=NN(c2ccc(S(=O)(=O)O)cc2)C(=O)C1N=Nc1ccc(C)c(S(=O)(=O)Nc2ccccc2)c1","DNNYNDQWWWDTPP-UHFFFAOYSA-N",3,2,8,0.13043478260869565,13,1,7,527.6,16,463.5436317478472,18.962514632168105,6,2,382.7523168
"Nc1cc(S(=O)(=O)O)c([O-])c2c1C(=O)c1c([O-])c(S(=O)(=O)O)cc(N)c1C2=O","MVWQCFNJWMLYDF-UHFFFAOYSA-L",2,4,10,0.,14,0,2,428.3,13,189.51369150149367,12.396993848852697,7,1,594.0081087
"O=C1c2c(O)cc(O)c(O)c2C(=O)c2c(O)c(O)cc(O)c21","NEVTZWLESVDYDA-UHFFFAOYSA-N",2,6,8,0.,8,0,0,304.21,11,4.576227420828404e10,9.950103807853655,8,1,518.1680786
"CC[N+]1=C(C=CC=C2N(CCCCCC(=O)[O-])c3ccc(S(=O)(=O)[O-])cc3C2(C)C)C(C)(C)c2cc(S(=O)(=O)O)ccc21","YDNYBBRGPORVRT-UHFFFAOYSA-M",2,1,8,0.41935483870967744,12,2,11,629.8,15,520.4394649742163,19.597050589144995,14,4,579.6128019
"CC[N+]1=C(C=CC=C2N(CCCCCC(=O)ON3C(=O)CCC3=O)c3ccc(S(=O)(=O)[O-])cc3C2(C)C)C(C)(C)c2cc(S(=O)(=O)[O-])ccc21","SOVMUUCAZOFIQP-UHFFFAOYSA-M",2,0,11,0.42857142857142855,15,3,12,726.8,18,278.7480687686906,17.769431203436213,14,4,576.0110363
"CC1(C)C(=CC=CC2=[N+](CCCCCC(=O)[O-])c3ccc(S(=O)(=O)O)cc3C2(C)C)N(CCCCCC(=O)O)c2ccc(S(=O)(=O)[O-])cc21","AYFNGAVPORGJOD-UHFFFAOYSA-M",2,2,9,0.45714285714285713,14,2,16,715.9,16,1698.5357410908687,19.091286285924543,14,4,584.1068883
"CCN1C(=CC=CC=CC2=[N+](CCCCCC(=O)ON3C(=O)CCC3=O)c3ccc(S(=O)(=O)[O-])cc3C2(C)C)C(C)(C)c2cc(S(=O)(=O)[O-])ccc21","WXWLHDCCGVWTDZ-UHFFFAOYSA-M",2,0,11,0.40540540540540543,15,3,13,752.9,19,524.6561380713977,21.267348648561335,16,6,686.4277967
"CCN1C(=CC=C2CCCC(C=CC3=[N+](CC)c4ccc(S(=O)(=O)O)cc4C3(C)C)=C2Cl)C(C)(C)c2cc(S(=O)(=O)[O-])ccc21","PENBAKBZXVOVJL-UHFFFAOYSA-N",2,1,6,0.38235294117647056,11,2,7,671.3,16,2089.4026483130597,23.214958591640297,18,3,790.755216
"O=S(=O)([O-])c1ccc(N=Nc2c([O-])ccc3cccc(S(=O)(=O)O)c23)c2ccccc12","YQTZTEYXOZEDSY-UHFFFAOYSA-L",4,1,8,0.,11,0,4,456.4,17,245.74781603193912,13.423834234493066,11,3,506.4731567
"CN(C)c1ccc(C(=C2C=CC(=[N+](C)C)C=C2)c2ccc(N(Cc3ccccc3)Cc3cccc(S(=O)(=O)O)c3)cc2)c(S(=O)(=O)O)c1","PCDMOSXRPCKDLJ-UHFFFAOYSA-O",4,2,6,0.16216216216216217,11,0,10,684.8,20,697.6015913554786,18.24367260691348,10,2,609.8841871
"CN(C)c1ccc(C(=C2C=CC(=[N+](C)C)C=C2)c2ccc(N(C)Cc3cccc(S(=O)(=O)O)c3)cc2)cc1S(=O)(=O)O","DCTXQQVUQIODBO-UHFFFAOYSA-O",3,2,6,0.1935483870967742,11,0,8,608.7,16,456.2991787351179,18.553648974942757,10,2,606.1142112
"CC1=NN(c2ccccc2)C(=O)C1N=Nc1ccc(-c2ccc(N=NC3C(=O)N(c4ccccc4)N=C3C)cc2S(=O)(=O)[O-])c(S(=O)(=O)[O-])c1","WBBRXOTXXGMTND-UHFFFAOYSA-L",4,0,14,0.125,18,2,9,712.7,26,1036.4593861547207,25.12548329593218,11,2,412.6050194
"O=S(=O)(O)c1cc(N=Nc2c([O-])ccc3ccccc23)ccc1-c1ccc(N=Nc2c([O-])ccc3ccccc23)cc1S(=O)(=O)O","CPERTUHFXCKOES-UHFFFAOYSA-L",6,2,10,0.,14,0,7,652.7,26,1689.6758601961826,22.292741669366883,21,3,471.2813809
"Cc1cc(C2(c3cc(C)c(O)c(C(=O)O)c3)OS(=O)(=O)c3ccccc32)cc(C(=O)O)c1O","LGKSNCHFKPHIJM-UHFFFAOYSA-N",3,4,7,0.13043478260869565,10,1,4,470.45,15,89.03240658936191,11.787983026658159,5,2,378.8107249
"COc1cc2c3c(ccc4c5c(OC)cc6c7c(ccc(c1c34)c57)C(=O)c1ccccc1-6)C(=O)c1ccccc1-2","QAYWRCZPILDEGZ-UHFFFAOYSA-N",7,0,4,0.05555555555555555,4,0,2,516.55,27,479.05765651206934,18.242549422603858,15,1,515.0120439
"CC1(C)C(=CC=CC2=[N+](CCCCCC(=O)O)c3ccc(S(=O)(=O)O)cc3C2(C)C)N(CCCCCC(=O)O)c2ccc(S(=O)(=O)O)cc21","AYFNGAVPORGJOD-UHFFFAOYSA-O",2,4,7,0.45714285714285713,14,2,16,717.9,14,779.4802270249875,20.89949722778526,14,4,578.9083977
"CC1=C/C(=C(/c2cccc(S(=O)(=O)O)c2)c2cc(C)c(O)c(C(=O)O)c2)C=C(C(=O)O)C1=O","NBSHSIJNFTUXBU-XDJHFCHBSA-N",2,4,6,0.08695652173913043,10,0,5,470.45,15,91.92647698882716,11.92290104197025,10,2,433.2250465
"CN1C(=CC=Cc2[o+]c3ccccc3n2C)Oc2ccccc21","XLKQLIAYDLMVLG-UHFFFAOYSA-N",3,0,3,0.10526315789473684,4,2,2,305.36,12,306.0678397413638,14.659107501030022,12,4,485.5844827
"Cc1cc(C=Cc2ccc3cc(N(C)C)ccc3[n+]2C)c(C)n1-c1ccccc1","QMHSXPLYMTVAMK-UHFFFAOYSA-N",4,0,2,0.19230769230769232,3,2,4,382.53,14,178.5212500838691,12.126506387476669,15,3,494.4049092
"CC1=NN(c2ccc(S(=O)(=O)[O-])cc2)C(=O)C1N=Nc1ccc(C)c(S(=O)(=O)Nc2ccccc2)c1","DNNYNDQWWWDTPP-UHFFFAOYSA-M",3,1,9,0.13043478260869565,13,1,7,526.6,17,524.166920899067,18.65279046719396,6,2,381.0175156
"O=S(=O)([O-])c1cccc2c1-c1nc3nc(nc4nc(nc5[n-]c([n-]c-2n1)c1cccc(S(=O)(=O)[O-])c51)-c1ccccc1-4)-c1ccccc1-3","JNEOISBNQDOISL-UHFFFAOYSA-L",6,0,12,0.,16,5,2,670.6,32,239.19942982031083,15.917383673888072,13,0,514.0788339
"CC1(C)Oc2cc3c(cc2O1)-c1nc-3nc2nc([nH]c3nc(nc4[nH]c(n1)c1cc5c(cc41)OC(C)(C)O5)-c1cc4c(cc1-3)OC(C)(C)O4)-c1cc3c(cc1-2)OC(C)(C)O3","ARFYCKIDVNOKST-UHFFFAOYSA-N",6,2,14,0.2727272727272727,16,9,0,802.8,32,378.35138485044223,20.44864256984295,15,0,568.5474877
"Nc1ccc([O-])c2c1C(=O)c1c(O)c(S(=O)(=O)O)cc(N)c1C2=O","SPHQXPPVJCWUGX-UHFFFAOYSA-M",2,4,8,0.,10,0,1,349.29,12,246.41930848829233,11.393934668977723,7,1,626.2657202
"Nc1cc(S(=O)(=O)O)c(O)c2c1C(=O)c1c(O)c(S(=O)(=O)O)cc(N)c1C2=O","MVWQCFNJWMLYDF-UHFFFAOYSA-N",2,6,10,0.,14,0,2,430.4,11,412.66887147263964,13.546853269896381,7,1,555.3516738
"CC1=C/C(=C(\c2cc(C)c([O-])c(C(=O)[O-])c2)c2ccccc2S(=O)(=O)O)C=C(C(=O)[O-])C1=O","KXOWVZNVTQLQPD-RGEXLXHISA-K",2,1,8,0.08695652173913043,10,0,5,467.43,18,114.53601353980822,11.210481390065732,10,2,475.1569022
"CCN1C(=Cc2sc3ccccc3[n+]2C)C=Cc2ccccc21","FSOAORRRECZDNM-UHFFFAOYSA-N",3,0,2,0.15,3,2,2,319.45,12,187.32282578196194,13.867415552906847,11,2,508.4858543
"CCN(Cc1cccc(S(=O)(=O)[O-])c1)c1ccc(C(=C2C=CC(=[N+](C)C)C=C2)c2ccc(N(C)C)cc2)c(S(=O)(=O)[O-])c1","CXNNGVUGAQWNGE-UHFFFAOYSA-M",3,0,8,0.21875,11,0,9,620.8,18,438.90634139962873,18.046876294857185,10,2,633.3920131
"CCN(Cc1cccc(S(=O)(=O)O)c1)c1ccc(C(=C2C=CC(=[N+](C)C)C=C2)c2ccc(N(C)C)cc2)c(S(=O)(=O)O)c1","CXNNGVUGAQWNGE-UHFFFAOYSA-O",3,2,6,0.21875,11,0,9,622.8,16,412.0404667364339,19.08097565933717,10,2,618.9312462
"Nc1c(S(=O)(=O)[O-])cc(NC2CCCCC2)c2c1C(=O)c1ccccc1C2=O","GMBNNHLANOGOAU-UHFFFAOYSA-M",2,2,7,0.3,8,0,3,399.44,13,181.9325933966373,12.944532753940955,7,1,605.1303095
"CCN1C(=CC=CC=CC2=[N+](CCCCCC(=O)O)c3ccc(S(=O)(=O)[O-])cc3C2(C)C)C(C)(C)c2cc(S(=O)(=O)O)ccc21","HPICMEGAGMPYID-UHFFFAOYSA-N",2,2,7,0.3939393939393939,12,2,12,656.8,15,665.3709729861595,19.89021194343738,16,6,684.1687049
"COc1ccc(C(OCCCN2C(=CC=CC=CC3=[N+](CCCOP(OCCC#N)N(C(C)C)C(C)C)c4ccccc4C3(C)C)C(C)(C)c3ccccc32)(c2ccccc2)c2ccccc2)cc1","WQVYZWOFBGLVGB-UHFFFAOYSA-N",5,0,7,0.36666666666666664,9,2,23,944.2,27,1233.7814553130786,27.749256093053244,16,6,630.6343537
"CC[N+]1=C(C=CC=CC=CC=C2N(CCCCCC(=O)ON3C(=O)CCC3=O)c3ccc(S(=O)(=O)[O-])cc3C2(C)C)C(C)(C)c2cc(S(=O)(=O)O)ccc21","ROGODJHHEBREAB-UHFFFAOYSA-N",2,1,10,0.38461538461538464,15,3,14,779.9,19,666.1315093371409,23.568347836304795,18,8,754.3289741
"c1ccc2c(c1)-c1nc-2nc2[nH]c(nc3nc([n-]c4nc(n1)-c1ccccc1-4)-c1ccccc1-3)c1ccccc21","YSZJMRCSMGEWDG-UHFFFAOYSA-N",6,1,6,0.,8,5,0,513.54,29,17337.20302170333,15.504700298192276,13,0,515.5920127
"CCN1C(=CC=CC=CC2=[N+](CCCCCC(=O)ON3C(=O)CCC3=O)c3ccc(S(=O)(=O)[O-])cc3C2(C)C)C(C)(C)c2cc(S(=O)(=O)O)ccc21","WXWLHDCCGVWTDZ-UHFFFAOYSA-N",2,1,10,0.40540540540540543,15,3,13,753.9,18,954.7213121905094,25.05443630804628,16,6,675.2504235
"C#CCN=C([O-])CCCCC[N+]1=C(C=CC=CC=C2N(C)c3ccccc3C2(C)C)C(C)(C)c2ccccc21","AYVUBCDPIPUAPY-UHFFFAOYSA-N",2,0,3,0.37142857142857144,4,2,10,519.73,17,275.55341011253523,17.851840308987317,16,6,641.4051646
"CCN1c2ccccc2C=C/C1=C/c1[n+](CC)c2ccccc2cc1","AGJZCWVTGOVGBS-UHFFFAOYSA-N",3,0,1,0.17391304347826086,2,2,3,327.45,13,121.72020970626933,13.502993473664176,12,2,496.6288721
"CCN1c2ccccc2S/C1=C\C=C\c1[n+](CC)c2ccccc2o1","CGMUVVDKGKQWHC-UHFFFAOYSA-N",3,0,3,0.19047619047619047,4,2,4,349.47,12,585.6969158456421,15.910653648031015,13,4,504.0891091
"CCN1C=C/C(=C\c2[n+](CC)c3ccccc3cc2)c2ccccc21","CJRNTVYQEXDVCB-UHFFFAOYSA-N",3,0,1,0.17391304347826086,2,2,3,327.45,13,263.4702018031316,13.709307176058353,11,2,540.8187202
"CCN1c2ccccc2O/C1=C\C=C/C=C\C=C\c1[n+](CC)c2ccccc2cc1","CKDJYLWILGWPSZ-UHFFFAOYSA-N",3,0,2,0.14814814814814814,3,2,6,395.53,15,1569.0790840646591,19.834192711532125,17,8,710.5335829
"CCN1c2ccccc2O/C1=C\C=C/c1cc[n+](CC)c2ccccc12","COUGSHBDUFTYFC-UHFFFAOYSA-N",3,0,2,0.17391304347826086,3,2,4,343.45,13,220.40526937815093,15.40743894068144,12,4,543.3773732
"CCN1c2ccccc2S/C1=C\C=C\c1cc[n+](CC)c2ccccc12","DJAQPUXEDANWNL-UHFFFAOYSA-N",3,0,2,0.17391304347826086,3,2,4,359.51,13,478.77546807146376,16.4102937538699,13,4,582.169867
"CCN1C=C/C(=C/c2[n+](CC)c3ccccc3o2)c2ccccc21","FDTNKKIOSYITHD-UHFFFAOYSA-N",3,0,2,0.19047619047619047,3,2,3,317.41,12,100.23120894749424,12.68697415535466,10,2,487.2962515
"CCN1c2ccccc2S/C1=C\C=C/C=C\c1[n+](CC)c2ccccc2s1","FYXWDSGGZAMYFZ-UHFFFAOYSA-N",3,0,3,0.17391304347826086,4,2,5,391.6,13,550.1992606161432,17.235401641392517,15,6,635.0695185
"CCN1c2ccccc2C=C/C1=C\C=C/c1[n+](CC)c2ccccc2cc1","HQCBCYUEDZNVBO-UHFFFAOYSA-N",3,0,1,0.16,2,2,4,353.49,14,224.11837965319884,14.673732529392591,14,4,602.000594
"CCN1c2ccccc2C=C/C1=C\C=C\C=C/c1[n+](CC)c2ccccc2cc1","HUKKJPBJMKANKC-UHFFFAOYSA-N",3,0,1,0.14814814814814814,2,2,5,379.53,15,344.14376237183643,16.491348914929933,16,6,708.7291289
"CCN1c2ccccc2S/C1=C\C=C/C=C/c1[n+](CC)c2ccccc2cc1","ICQLMXQDTPECJU-UHFFFAOYSA-N",3,0,2,0.16,3,2,5,385.55,14,338.4208974594373,17.753381101906005,16,6,666.245839
"CCN1c2ccccc2S/C1=C\C=C\c1[n+](CC)c2ccccc2s1","JGLWGLKNDHZFAP-UHFFFAOYSA-N",3,0,3,0.19047619047619047,4,2,4,365.5,12,338.3403723387555,15.800456890372882,13,4,558.8170558
"CCN1c2ccccc2O/C1=C\C=C/C=C\C=C/c1[n+](CC)c2ccccc2s1","KKFSTMHKQKXIPU-UHFFFAOYSA-N",3,0,3,0.16,4,2,6,401.55,14,438.4004460615269,18.81260416822099,16,8,669.226343
"CCN1c2ccccc2S/C1=C\C=C/C=C\c1cc[n+](CC)c2ccccc12","LDIURJODNUMFCD-UHFFFAOYSA-N",3,0,2,0.16,3,2,5,385.55,14,642.192049713485,17.92148195241995,15,6,660.5633786
"CCN1c2ccccc2S/C1=C\C=C/C=C\c1[n+](CC)c2ccccc2o1","LPLCWEKDGKZACI-UHFFFAOYSA-N",3,0,3,0.17391304347826086,4,2,5,375.51,13,727.1801280631206,17.37012685528266,15,6,610.826107
"CCN1C=C/C(=C\C=C/C=C/c2cc[n+](CC)c3ccccc23)c2ccccc21","MLENNECRNUHQQS-UHFFFAOYSA-N",3,0,1,0.14814814814814814,2,2,5,379.53,15,469.30219836758914,17.288464155162483,14,6,758.571887
"CCN1c2ccccc2C=C/C1=C\C=C\C=C\c1cc[n+](CC)c2ccccc12","NNPJVUBHKCZPII-UHFFFAOYSA-N",3,0,1,0.14814814814814814,2,2,5,379.53,15,1332.210672614925,18.259428262253095,15,6,734.2631114
"CCN1c2ccccc2C=C/C1=C\C=C\C=C\C=C\c1[n+](CC)c2ccccc2s1","OKFVOTSYAZGOPA-UHFFFAOYSA-N",3,0,2,0.14814814814814814,3,2,6,411.59,15,1422.086023684689,20.768833966477292,17,8,767.1690427
"CCN1C=C/C(=C\C=C/C=C\C=C/c2cc[n+](CC)c3ccccc23)c2ccccc21","OLZAYSQTVGLQDQ-UHFFFAOYSA-N",3,0,1,0.13793103448275862,2,2,6,405.56,16,569.7768072383368,18.64385152771446,16,8,782.6912098
"CCN1c2ccccc2C=C/C1=C\C=C\c1cc[n+](CC)c2ccccc12","ONKAXOHRKIYFDJ-UHFFFAOYSA-N",3,0,1,0.16,2,2,4,353.49,14,493.36165655286806,16.852443010932546,13,4,623.8562092
"CCN1c2ccccc2C=C/C1=C\C=C\C=C\c1[n+](CC)c2ccccc2o1","OOAUUXKHPBKQDP-UHFFFAOYSA-N",3,0,2,0.16,3,2,5,369.49,14,1174.637733150411,18.47711432382506,15,6,634.384871
"CCN1c2ccccc2C=C/C1=C\C=C\C=C\C=C\c1cc[n+](CC)c2ccccc12","OWYFZVWJTBJIIS-UHFFFAOYSA-N",3,0,1,0.13793103448275862,2,2,6,405.56,16,2290.374458197325,21.238611789107434,17,8,782.901066
"CCN1C=C/C(=C/c2cc[n+](CC)c3ccccc23)c2ccccc21","PBYSOAALDIVUSK-UHFFFAOYSA-N",3,0,1,0.17391304347826086,2,2,3,327.45,13,217.29836130354346,13.150633356847212,10,2,535.7659142
"CCN1c2ccccc2C=C/C1=C\C=C\C=C\C=C/c1[n+](CC)c2ccccc2cc1","PCMCPHHEWAWVOE-UHFFFAOYSA-N",3,0,1,0.13793103448275862,2,2,6,405.56,16,527.3589381500411,18.78400936599799,18,8,788.0670994
"CCN1c2ccccc2O/C1=C\C=C/C=C/c1cc[n+](CC)c2ccccc12","QQWIIVKRRBJCBB-UHFFFAOYSA-N",3,0,2,0.16,3,2,5,369.49,14,398.7429241790454,17.89914570716395,14,6,650.0394615
"CCN1c2ccccc2C=C/C1=C\C=C\c1[n+](CC)c2ccccc2o1","QUZOOPRJWZTRMY-UHFFFAOYSA-N",3,0,2,0.17391304347826086,3,2,4,343.45,13,679.9938519062216,16.256945021795037,13,4,535.1368661
"CCN1c2ccccc2O/C1=C\c1[n+](CC)c2ccccc2cc1","RCVUTZHFPPLMTK-UHFFFAOYSA-N",3,0,2,0.19047619047619047,3,2,3,317.41,12,161.39571917957977,13.026754704701283,11,2,475.4349449
"CCN1C=C/C(=C/c2[n+](CC)c3ccccc3s2)c2ccccc21","SFTZBFQWPQDHFP-UHFFFAOYSA-N",3,0,2,0.19047619047619047,3,2,3,333.47,12,109.22767152614055,13.422084644995163,10,2,538.1596172
"CCN1c2ccccc2O/C1=C/c1[n+](CC)c2ccccc2o1","SXJYGDWAGOIGMC-UHFFFAOYSA-N",3,0,3,0.21052631578947367,4,2,3,307.37,11,111.86664617245943,12.924199521384818,10,2,436.225033
"C/C=C1\C(=C)C=C/C(=C\C=C\c2[n+](CC)c3ccccc3s2)N1CC","TVEQOZDZLORQGM-PTXOJBNSSA-N",2,0,2,0.22727272727272727,3,2,4,349.52,11,325.95249036126916,16.161572388349498,12,4,605.5739169
"CCN1C=C/C(=C\C=C/c2cc[n+](CC)c3ccccc23)c2ccccc21","TVRUNVZRBXNONE-UHFFFAOYSA-N",3,0,1,0.16,2,2,4,353.49,14,183.02389945104022,14.15976508000945,12,4,658.1491508
"CCN1c2ccccc2S/C1=C\C=C/C=C\C=C\c1cc[n+](CC)c2ccccc12","TWHSTEAIMSNAOL-UHFFFAOYSA-N",3,0,2,0.14814814814814814,3,2,6,411.59,15,1123.9222290534094,20.486538392885084,17,8,732.0604502
"CCN1c2ccccc2S/C1=C\c1[n+](CC)c2ccccc2cc1","UJCNDPYFYMAVSQ-UHFFFAOYSA-N",3,0,2,0.19047619047619047,3,2,3,333.47,12,211.05356639417383,13.700167043766987,12,2,495.8413006
"CCN1c2ccccc2S/C1=C\C=C/C=C\C=C\c1[n+](CC)c2ccccc2s1","UMTQICYFVVKJFV-UHFFFAOYSA-N",3,0,3,0.16,4,2,6,417.6,14,1294.0740573609216,19.873398140894274,17,8,687.8796607
"CCN1c2ccccc2O/C1=C\C=C/C=C/c1[n+](CC)c2ccccc2o1","VAGJCLDZLVQVPR-UHFFFAOYSA-N",3,0,3,0.17391304347826086,4,2,5,359.45,13,897.5141042709017,17.32303755843961,14,6,592.8840882
"CCN1c2ccccc2O/C1=C\C=C/c1[n+](CC)c2ccccc2o1","VZUFSMBGWBLOCB-UHFFFAOYSA-N",3,0,3,0.19047619047619047,4,2,4,333.41,12,172.58864922007342,14.364706786705451,12,4,465.7975411
"CCN1c2ccccc2S/C1=C/c1[n+](CC)c2ccccc2s1","WCJHMNADZOKGGL-UHFFFAOYSA-N",3,0,3,0.21052631578947367,4,2,3,339.5,11,113.03905449706174,13.246228197761043,11,2,508.1136245
"CCN1c2ccccc2O/C1=C/c1[n+](CC)c2ccccc2s1","XNZUELXWWBKRLE-UHFFFAOYSA-N",3,0,3,0.21052631578947367,4,2,3,323.43,11,113.63276697322391,13.265966268744204,10,2,480.1722106
"CCN1c2ccccc2S/C1=C\C=C/c1[n+](CC)c2ccccc2cc1","XTSHHMSLNDHACR-UHFFFAOYSA-N",3,0,2,0.17391304347826086,3,2,4,359.51,13,192.27607184382808,14.710703696239499,14,4,563.6740754
"CCN1c2ccccc2O/C1=C\C=C/C=C\C=C/c1[n+](CC)c2ccccc2o1","YFMAIXBXQGUOBW-UHFFFAOYSA-N",3,0,3,0.16,4,2,6,385.49,14,1305.0137691845325,18.942785182282442,16,8,636.5643597
"CCN1c2ccccc2O/C1=C\C=C/C=C\C=C/c1cc[n+](CC)c2ccccc12","YGOJAHFWSNHIIB-UHFFFAOYSA-N",3,0,2,0.14814814814814814,3,2,6,395.53,15,737.9678108854752,19.530439662023593,16,8,698.3484913
"C=C1N(CC)/C(=C/C=C\c2[n+](CC)c3ccccc3s2)OC1=C","YHKSRKKRTTTZQQ-UHFFFAOYSA-N",2,0,3,0.21052631578947367,4,2,4,325.45,10,155.220559194312,13.355472429733954,11,4,535.2773917
"CCN1C(=Cc2cc(C)nc(-c3ccccc3)[n+]2C)C=Cc2ccccc21","UBRISJAVIYTNDW-UHFFFAOYSA-N",3,0,2,0.16666666666666666,3,2,3,354.48,14,232.78604882176347,13.630714105043726,13,2,425.0321404
